Rank,Rank,Movie_name,IMDb_id,Release_Year,IMDB_Rating,Reviewer_count,Movie_Length,Genre,Director,Starring,Budget,Cum_Worldwide_Gross,Country,Language
1,1,Os Condenados de Shawshank,0111161,1994,9.3,2297698,142,['Drama'],Frank Darabont,"['Tim Robbins', 'Morgan Freeman', 'Bob Gunton']",25000000,28815291,['USA'],['English']
2,2,O Padrinho,0068646,1972,9.2,1585756,175,"['Crime', 'Drama']",Francis Ford Coppola,"['Marlon Brando', 'Al Pacino', 'James Caan']",6000000,246120986,['USA'],"['English', 'Italian', 'Latin']"
3,3,O Padrinho: Parte II,0071562,1974,9.0,1107919,202,"['Crime', 'Drama']",Francis Ford Coppola,"['Al Pacino', 'Robert De Niro', 'Robert Duvall']",13000000,48035783,['USA'],"['English', 'Italian', 'Spanish', 'Latin', 'Sicilian']"
4,4,O Cavaleiro das Trevas,0468569,2008,9.0,2261899,152,"['Action', 'Crime', 'Drama']",Christopher Nolan,"['Christian Bale', 'Heath Ledger', 'Aaron Eckhart']",185000000,1005456758,"['USA', 'UK']","['English', 'Mandarin']"
5,5,Doze Homens em Fúria,0050083,1957,8.9,675116,96,"['Crime', 'Drama']",Sidney Lumet,"['Henry Fonda', 'Lee J. Cobb', 'Martin Balsam']",350000,576,['USA'],['English']
6,6,A Lista de Schindler,0108052,1993,8.9,1192482,195,"['Biography', 'Drama', 'History']",Steven Spielberg,"['Liam Neeson', 'Ralph Fiennes', 'Ben Kingsley']",22000000,322287794,['USA'],"['English', 'Hebrew', 'German', 'Polish', 'Latin']"
7,7,O Senhor dos Anéis - O Regresso do Rei,0167260,2003,8.9,1615255,201,"['Action', 'Adventure', 'Drama']",Peter Jackson,"['Elijah Wood', 'Viggo Mortensen', 'Ian McKellen']",94000000,1142270989,"['New Zealand', 'USA']","['English', 'Quenya', 'Old English', 'Sindarin']"
8,8,Pulp Fiction,0110912,1994,8.9,1794009,154,"['Crime', 'Drama']",Quentin Tarantino,"['John Travolta', 'Uma Thurman', 'Samuel L. Jackson']",8000000,214194847,['USA'],"['English', 'Spanish', 'French']"
9,9,"O Bom, o Mau e o Vilão",0060196,1966,8.8,677502,161,['Western'],Sergio Leone,"['Clint Eastwood', 'Eli Wallach', 'Lee Van Cleef']",1200000,25252481,"['Italy', 'Spain', 'West Germany']",['Italian']
10,10,O Senhor dos Anéis - A Irmandade do Anel,0120737,2001,8.8,1631011,178,"['Action', 'Adventure', 'Drama']",Peter Jackson,"['Elijah Wood', 'Ian McKellen', 'Orlando Bloom']",93000000,888304207,"['New Zealand', 'USA']","['English', 'Sindarin']"
11,11,Clube de Combate,0137523,1999,8.8,1821339,139,['Drama'],David Fincher,"['Brad Pitt', 'Edward Norton', 'Meat Loaf']",63000000,101209593,"['USA', 'Germany']",['English']
12,12,Forrest Gump,0109830,1994,8.8,1770468,142,"['Drama', 'Romance']",Robert Zemeckis,"['Tom Hanks', 'Robin Wright', 'Gary Sinise']",55000000,678226805,['USA'],['English']
13,13,A Origem,1375666,2010,8.8,2023908,148,"['Action', 'Adventure', 'Sci-Fi']",Christopher Nolan,"['Leonardo DiCaprio', 'Joseph Gordon-Levitt', 'Ellen Page']",160000000,836836967,"['USA', 'UK']","['English', 'Japanese', 'French']"
14,14,O Senhor dos Anéis - As Duas Torres,0167261,2002,8.7,1459946,179,"['Action', 'Adventure', 'Drama']",Peter Jackson,"['Elijah Wood', 'Ian McKellen', 'Viggo Mortensen']",94000000,943396133,"['New Zealand', 'USA']","['English', 'Sindarin', 'Old English']"
15,15,Star Wars: Episódio V - O Império Contra-Ataca,0080684,1980,8.7,1139907,124,"['Action', 'Adventure', 'Fantasy']",Irvin Kershner,"['Mark Hamill', 'Harrison Ford', 'Carrie Fisher']",18000000,550992836,['USA'],['English']
16,16,Matrix,0133093,1999,8.7,1644864,136,"['Action', 'Sci-Fi']",Lana Wachowski(as The Wachowski Brothers),"['Keanu Reeves', 'Laurence Fishburne', 'Carrie-Anne Moss']",63000000,465716699,['USA'],['English']
17,17,Tudo Bons Rapazes,0099685,1990,8.7,1000263,146,"['Biography', 'Crime', 'Drama']",Martin Scorsese,"['Robert De Niro', 'Ray Liotta', 'Joe Pesci']",25000000,46884665,['USA'],"['English', 'Italian']"
18,18,Voando Sobre Um Ninho de Cucos,0073486,1975,8.7,902038,133,['Drama'],Milos Forman,"['Jack Nicholson', 'Louise Fletcher', 'Michael Berryman']",3000000,108997629,['USA'],['English']
19,19,Os Sete Samurais,0047478,1954,8.6,310592,207,"['Action', 'Adventure', 'Drama']",Akira Kurosawa,"['Toshirô Mifune', 'Takashi Shimura', 'Keiko Tsushima']",125000000,322773,['Japan'],['Japanese']
20,20,Seven - 7 Pecados Mortais,0114369,1995,8.6,1415166,127,"['Crime', 'Drama', 'Mystery']",David Fincher,"['Morgan Freeman', 'Brad Pitt', 'Kevin Spacey']",33000000,327333559,['USA'],['English']
21,21,A Vida É Bela,0118799,1997,8.6,611095,116,"['Comedy', 'Drama', 'Romance']",Roberto Benigni,"['Roberto Benigni', 'Nicoletta Braschi', 'Giorgio Cantarini']",20000000,230098753,['Italy'],"['Italian', 'German', 'English']"
22,22,Cidade de Deus,0317248,2002,8.6,689987,130,"['Crime', 'Drama']",Fernando Meirelles,"['Alexandre Rodrigues', 'Leandro Firmino', 'Matheus Nachtergaele']",3300000,30680793,"['Brazil', 'France', 'Germany']",['Portuguese']
23,23,O Silêncio dos Inocentes,0102926,1991,8.6,1245762,118,"['Crime', 'Drama', 'Thriller']",Jonathan Demme,"['Jodie Foster', 'Anthony Hopkins', 'Lawrence A. Bonney']",19000000,272753884,['USA'],"['English', 'Latin']"
24,24,Do Céu Caiu Uma Estrela,0038650,1946,8.6,391063,130,"['Drama', 'Family', 'Fantasy']",Frank Capra,"['James Stewart', 'Donna Reed', 'Lionel Barrymore']",3180000,6130720,['USA'],"['English', 'French']"
25,25,Star Wars: Episódio IV - Uma Nova Esperança,0076759,1977,8.6,1211661,121,"['Action', 'Adventure', 'Fantasy']",George Lucas,"['Mark Hamill', 'Harrison Ford', 'Carrie Fisher']",11000000,775749212,['USA'],['English']
26,26,O Resgate do Soldado Ryan,0120815,1998,8.6,1213501,169,"['Drama', 'War']",Steven Spielberg,"['Tom Hanks', 'Matt Damon', 'Tom Sizemore']",70000000,482349603,['USA'],"['English', 'French', 'German', 'Czech']"
27,27,A Viagem de Chihiro,0245429,2001,8.6,634260,125,"['Animation', 'Adventure', 'Family']",Hayao Miyazaki,"['Daveigh Chase', 'Suzanne Pleshette', 'Miyu Irino']",19000000,355467076,['Japan'],['Japanese']
28,28,À Espera de Um Milagre,0120689,1999,8.6,1123144,189,"['Crime', 'Drama', 'Fantasy']",Frank Darabont,"['Tom Hanks', 'Michael Clarke Duncan', 'David Morse']",60000000,286801374,['USA'],"['English', 'French']"
29,29,Parasitas,6751668,2019,8.6,495820,132,"['Comedy', 'Drama', 'Thriller']",Bong Joon Ho,"['Kang-ho Song', 'Sun-kyun Lee', 'Yeo-jeong Jo']",11400000,257644295,['South Korea'],"['Korean', 'English']"
30,30,Interstellar,0816692,2014,8.6,1469723,169,"['Adventure', 'Drama', 'Sci-Fi']",Christopher Nolan,"['Matthew McConaughey', 'Anne Hathaway', 'Jessica Chastain']",165000000,696264079,"['USA', 'UK', 'Canada']",['English']
31,31,"Léon, o Profissional",0110413,1994,8.5,1016003,110,"['Action', 'Crime', 'Drama']",Luc Besson,"['Jean Reno', 'Gary Oldman', 'Natalie Portman']",115000000,19552639,"['France', 'USA']","['English', 'Italian', 'French']"
32,32,Os Suspeitos do Costume,0114814,1995,8.5,975824,106,"['Crime', 'Mystery', 'Thriller']",Bryan Singer,"['Kevin Spacey', 'Gabriel Byrne', 'Chazz Palminteri']",6000000,23341568,"['USA', 'Germany']","['English', 'Hungarian', 'Spanish', 'French']"
33,33,Harakiri,0056058,1962,8.6,38876,133,"['Action', 'Drama', 'Mystery']",Masaki Kobayashi,"['Tatsuya Nakadai', 'Akira Ishihama', 'Shima Iwashita']",0,15222,['Japan'],['Japanese']
34,34,The Lion King,0110357,1994,8.5,924541,88,"['Animation', 'Adventure', 'Drama']",Roger Allers,"['Matthew Broderick', 'Jeremy Irons', 'James Earl Jones']",45000000,968511805,['USA'],"['English', 'Swahili', 'Xhosa', 'Zulu']"
35,35,Regresso ao Futuro,0088763,1985,8.5,1036966,116,"['Adventure', 'Comedy', 'Sci-Fi']",Robert Zemeckis,"['Michael J. Fox', 'Christopher Lloyd', 'Lea Thompson']",19000000,388776253,['USA'],['English']
36,36,O Pianista,0253474,2002,8.5,714340,150,"['Biography', 'Drama', 'Music']",Roman Polanski,"['Adrien Brody', 'Thomas Kretschmann', 'Frank Finlay']",35000000,120072577,"['UK', 'France', 'Poland', 'Germany', 'USA']","['English', 'German', 'Russian']"
37,37,Exterminador Implacável 2: O Dia do Julgamento,0103064,1991,8.5,981497,137,"['Action', 'Sci-Fi']",James Cameron,"['Arnold Schwarzenegger', 'Linda Hamilton', 'Edward Furlong']",102000000,520884847,"['USA', 'France']","['English', 'Spanish']"
38,38,América Proibida,0120586,1998,8.5,1020487,119,['Drama'],Tony Kaye,"['Edward Norton', 'Edward Furlong', ""Beverly D'Angelo""]",20000000,23875127,['USA'],['English']
39,39,Tempos Modernos,0027977,1936,8.5,213430,87,"['Comedy', 'Drama', 'Family']",Charles Chaplin(as Charlie Chaplin),"['Charles Chaplin', 'Paulette Goddard', 'Henry Bergman']",1500000,457688,['USA'],['English']
40,40,Psico,0054215,1960,8.5,592925,109,"['Horror', 'Mystery', 'Thriller']",Alfred Hitchcock,"['Anthony Perkins', 'Janet Leigh', 'Vera Miles']",806947,32038346,['USA'],['English']
41,41,Gladiador,0172495,2000,8.5,1317805,155,"['Action', 'Adventure', 'Drama']",Ridley Scott,"['Russell Crowe', 'Joaquin Phoenix', 'Connie Nielsen']",103000000,465361176,"['USA', 'UK', 'Malta', 'Morocco']",['English']
42,42,Luzes da Cidade,0021749,1931,8.5,164440,87,"['Comedy', 'Drama', 'Romance']",Charles Chaplin,"['Charles Chaplin', 'Virginia Cherrill', 'Florence Lee']",1500000,46008,['USA'],"['None', 'English']"
43,43,The Departed - Entre Inimigos,0407887,2006,8.5,1168416,151,"['Crime', 'Drama', 'Thriller']",Martin Scorsese,"['Leonardo DiCaprio', 'Matt Damon', 'Jack Nicholson']",90000000,291465034,"['USA', 'Hong Kong']","['English', 'Cantonese']"
44,44,Amigos Improváveis,1675434,2011,8.5,742944,112,"['Biography', 'Comedy', 'Drama']",Olivier Nakache,"['François Cluzet', 'Omar Sy', 'Anne Le Ny']",9500000,426588510,['France'],"['French', 'English']"
45,45,Hamilton,8503618,2020,8.7,44548,160,"['Biography', 'Drama', 'History']",Thomas Kail,"['Lin-Manuel Miranda', 'Phillipa Soo', 'Leslie Odom Jr.']",0,0,['USA'],['English']
46,46,Whiplash - Nos Limites,2582802,2014,8.5,698366,106,"['Drama', 'Music']",Damien Chazelle,"['Miles Teller', 'J.K. Simmons', 'Melissa Benoist']",3300000,48983260,['USA'],['English']
47,47,O Terceiro Passo,0482571,2006,8.5,1166081,130,"['Drama', 'Mystery', 'Sci-Fi']",Christopher Nolan,"['Christian Bale', 'Hugh Jackman', 'Scarlett Johansson']",40000000,109676311,"['UK', 'USA']",['English']
48,48,O Túmulo dos Pirilampos,0095327,1988,8.5,228611,89,"['Animation', 'Drama', 'War']",Isao Takahata,"['Tsutomu Tatsumi', 'Ayano Shiraishi', 'Akemi Yamaguchi']",3700000,516962,['Japan'],['Japanese']
49,49,Aconteceu no Oeste,0064116,1968,8.5,297916,165,['Western'],Sergio Leone,"['Henry Fonda', 'Charles Bronson', 'Claudia Cardinale']",5000000,112911,"['Italy', 'USA']","['English', 'Italian']"
50,50,Casablanca,0034583,1942,8.5,513842,102,"['Drama', 'Romance', 'War']",Michael Curtiz,"['Humphrey Bogart', 'Ingrid Bergman', 'Paul Henreid']",950000,4375071,['USA'],"['English', 'French', 'German', 'Italian']"
51,51,Cinema Paraíso,0095765,1988,8.5,225495,155,['Drama'],Giuseppe Tornatore,"['Philippe Noiret', 'Enzo Cannavale', 'Antonella Attili']",5000000,12953675,"['Italy', 'France']",['Italian']
52,52,Janela Indiscreta,0047396,1954,8.4,436272,112,"['Mystery', 'Thriller']",Alfred Hitchcock,"['James Stewart', 'Grace Kelly', 'Wendell Corey']",1000000,37032034,['USA'],['English']
53,53,Alien - O 8.º Passageiro,0078748,1979,8.4,775008,117,"['Horror', 'Sci-Fi']",Ridley Scott,"['Sigourney Weaver', 'Tom Skerritt', 'John Hurt']",11000000,108303039,"['UK', 'USA']",['English']
54,54,Apocalypse Now,0078788,1979,8.4,595848,147,"['Drama', 'Mystery', 'War']",Francis Ford Coppola(as Francis Coppola),"['Martin Sheen', 'Marlon Brando', 'Robert Duvall']",31500000,91968688,['USA'],"['English', 'French', 'Vietnamese']"
55,55,Memento,0209144,2000,8.4,1107864,113,"['Mystery', 'Thriller']",Christopher Nolan,"['Guy Pearce', 'Carrie-Anne Moss', 'Joe Pantoliano']",9000000,39970386,['USA'],['English']
56,56,Os Salteadores da Arca Perdida,0082971,1981,8.4,871011,115,"['Action', 'Adventure']",Steven Spielberg,"['Harrison Ford', 'Karen Allen', 'Paul Freeman']",18000000,390133212,['USA'],"['English', 'German', 'Hebrew', 'Spanish', 'Arabic', 'Nepali']"
57,57,O Grande Ditador,0032553,1940,8.4,199345,125,"['Comedy', 'Drama', 'War']",Charles Chaplin,"['Charles Chaplin', 'Paulette Goddard', 'Jack Oakie']",2000000,969879,['USA'],"['English', 'Esperanto']"
58,58,Django Libertado,1853728,2012,8.4,1329552,165,"['Drama', 'Western']",Quentin Tarantino,"['Jamie Foxx', 'Christoph Waltz', 'Leonardo DiCaprio']",100000000,425368238,['USA'],"['English', 'German', 'French', 'Italian']"
59,59,As Vidas dos Outros,0405094,2006,8.4,352514,137,"['Drama', 'Mystery', 'Thriller']",Florian Henckel von Donnersmarck,"['Ulrich Mühe', 'Martina Gedeck', 'Sebastian Koch']",2000000,77356942,"['Germany', 'France']",['German']
60,60,Joker,7286456,2019,8.5,884644,122,"['Crime', 'Drama', 'Thriller']",Todd Phillips,"['Joaquin Phoenix', 'Robert De Niro', 'Zazie Beetz']",55000000,1074251311,"['USA', 'Canada']",['English']
61,61,Horizontes de Glória,0050825,1957,8.4,174527,88,"['Drama', 'War']",Stanley Kubrick,"['Kirk Douglas', 'Ralph Meeker', 'Adolphe Menjou']",935000,5252,['USA'],"['English', 'German', 'Latin']"
62,62,WALL·E,0910970,2008,8.4,981809,98,"['Animation', 'Adventure', 'Family']",Andrew Stanton,"['Ben Burtt', 'Elissa Knight', 'Jeff Garlin']",180000000,521311860,['USA'],['English']
63,63,Shining,0081505,1980,8.4,878599,146,"['Drama', 'Horror']",Stanley Kubrick,"['Jack Nicholson', 'Shelley Duvall', 'Danny Lloyd']",19000000,46649372,"['UK', 'USA']",['English']
64,64,Vingadores: Guerra do Infinito,4154756,2018,8.4,807730,149,"['Action', 'Adventure', 'Sci-Fi']",Anthony Russo,"['Robert Downey Jr.', 'Chris Hemsworth', 'Mark Ruffalo']",321000000,2048359754,['USA'],['English']
65,65,Crepúsculo dos Deuses,0043014,1950,8.4,197932,110,"['Drama', 'Film-Noir']",Billy Wilder,"['William Holden', 'Gloria Swanson', 'Erich von Stroheim']",1752000,299645,['USA'],['English']
66,66,Testemunha de Acusação,0051201,1957,8.4,106159,116,"['Crime', 'Drama', 'Mystery']",Billy Wilder,"['Tyrone Power', 'Marlene Dietrich', 'Charles Laughton']",3000000,7693,['USA'],"['English', 'German']"
67,67,Homem-Aranha: No Universo Aranha,4633694,2018,8.4,345660,117,"['Animation', 'Action', 'Adventure']",Bob Persichetti,"['Shameik Moore', 'Jake Johnson', 'Hailee Steinfeld']",90000000,375540831,['USA'],"['English', 'Spanish']"
68,68,Oldboy-Velho amigo,0364569,2003,8.4,505365,120,"['Action', 'Drama', 'Mystery']",Chan-wook Park,"['Min-sik Choi', 'Ji-Tae Yoo', 'Hye-jeong Kang']",3000000,15002116,['South Korea'],['Korean']
69,69,A Princesa Mononoke,0119698,1997,8.4,334900,134,"['Animation', 'Adventure', 'Fantasy']",Hayao Miyazaki,"['Yôji Matsuda', 'Yuriko Ishida', 'Yûko Tanaka']",2400000000,169785629,['Japan'],['Japanese']
70,70,Doutor Estranhoamor,0057012,1964,8.4,444090,95,['Comedy'],Stanley Kubrick,"['Peter Sellers', 'George C. Scott', 'Sterling Hayden']",1800000,9443876,"['UK', 'USA']","['English', 'Russian']"
71,71,O Cavaleiro das Trevas Renasce,1345836,2012,8.4,1492050,164,"['Action', 'Adventure']",Christopher Nolan,"['Christian Bale', 'Tom Hardy', 'Anne Hathaway']",250000000,1081141368,"['UK', 'USA']","['English', 'Arabic']"
72,72,Era Uma Vez na América,0087843,1984,8.4,305163,229,"['Crime', 'Drama']",Sergio Leone,"['Robert De Niro', 'James Woods', 'Elizabeth McGovern']",30000000,5472914,"['USA', 'Italy']","['English', 'Italian', 'French', 'Yiddish', 'Hebrew']"
73,73,Aliens: O Recontro Final,0090605,1986,8.3,643814,137,"['Action', 'Adventure', 'Sci-Fi']",James Cameron,"['Sigourney Weaver', 'Michael Biehn', 'Carrie Henn']",18500000,131387641,"['USA', 'UK']",['English']
74,74,Kimi no na wa.,5311514,2016,8.4,183619,106,"['Animation', 'Drama', 'Fantasy']",Makoto Shinkai,"['Ryûnosuke Kamiki', 'Mone Kamishiraishi', 'Ryô Narita']",370000000,358922706,['Japan'],['Japanese']
75,75,Vingadores: Endgame,4154796,2019,8.4,773441,181,"['Action', 'Adventure', 'Drama']",Anthony Russo,"['Robert Downey Jr.', 'Chris Evans', 'Mark Ruffalo']",356000000,2797800564,['USA'],"['English', 'Japanese', 'Xhosa', 'German']"
76,76,Coco,2380307,2017,8.4,360025,105,"['Animation', 'Adventure', 'Family']",Lee Unkrich,"['Anthony Gonzalez', 'Gael García Bernal', 'Benjamin Bratt']",175000000,807817888,['USA'],"['English', 'Spanish']"
77,77,Beleza Americana,0169547,1999,8.3,1055153,122,['Drama'],Sam Mendes,"['Kevin Spacey', 'Annette Bening', 'Thora Birch']",15000000,356296601,['USA'],['English']
78,78,Braveheart: O Desafio do Guerreiro,0112573,1995,8.3,946848,178,"['Biography', 'Drama', 'History']",Mel Gibson,"['Mel Gibson', 'Sophie Marceau', 'Patrick McGoohan']",72000000,213216216,['USA'],"['English', 'French', 'Latin', 'Scottish Gaelic', 'Italian']"
79,79,3 Idiots,1187043,2009,8.4,335775,170,"['Comedy', 'Drama']",Rajkumar Hirani,"['Aamir Khan', 'Madhavan', 'Mona Singh']",550000000,60262836,['India'],"['Hindi', 'English']"
80,80,A Odisseia do Submarino 96,0082096,1981,8.3,228245,149,"['Adventure', 'Drama', 'Thriller']",Wolfgang Petersen,"['Jürgen Prochnow', 'Herbert Grönemeyer', 'Klaus Wennemann']",32000000,11487676,['West Germany'],['German']
81,81,Toy Story: Os Rivais,0114709,1995,8.3,871137,81,"['Animation', 'Adventure', 'Comedy']",John Lasseter,"['Tom Hanks', 'Tim Allen', 'Don Rickles']",30000000,404265656,['USA'],['English']
82,82,Tengoku to jigoku,0057565,1963,8.4,32391,143,"['Crime', 'Drama', 'Mystery']",Akira Kurosawa,"['Toshirô Mifune', 'Yutaka Sada', 'Tatsuya Nakadai']",0,46808,['Japan'],['Japanese']
83,83,Amadeus,0086879,1984,8.3,363556,160,"['Biography', 'Drama', 'History']",Milos Forman,"['F. Murray Abraham', 'Tom Hulce', 'Elizabeth Berridge']",18000000,52066791,"['USA', 'France', 'Czechoslovakia', 'Italy']","['English', 'Italian', 'Latin', 'German']"
84,84,Cafarnaum,8267604,2018,8.4,56541,126,['Drama'],Nadine Labaki,"['Zain Al Rafeea', 'Yordanos Shiferaw', 'Boluwatife Treasure Bankole']",4000000,64417003,"['Lebanon', 'USA', 'France', 'Cyprus', 'Qatar', 'UK']","['Arabic', 'Amharic']"
85,85,Taare Zameen Par,0986264,2007,8.4,163967,165,"['Drama', 'Family']",Aamir Khan,"['Darsheel Safary', 'Aamir Khan', 'Tisca Chopra']",0,21897373,['India'],['Hindi']
86,86,Star Wars: Episódio VI - O Regresso de Jedi,0086190,1983,8.3,934314,131,"['Action', 'Adventure', 'Fantasy']",Richard Marquand,"['Mark Hamill', 'Harrison Ford', 'Carrie Fisher']",32500000,475546459,['USA'],['English']
87,87,Sacanas Sem Lei,0361748,2009,8.3,1240384,153,"['Adventure', 'Drama', 'War']",Quentin Tarantino,"['Brad Pitt', 'Diane Kruger', 'Eli Roth']",70000000,321455689,"['Germany', 'USA']","['English', 'German', 'French', 'Italian']"
88,88,Cães Danados,0105236,1992,8.3,903300,99,"['Crime', 'Drama', 'Thriller']",Quentin Tarantino,"['Harvey Keitel', 'Tim Roth', 'Michael Madsen']",1200000,2889963,['USA'],['English']
89,89,O Bom Rebelde,0119217,1997,8.3,844761,126,"['Drama', 'Romance']",Gus Van Sant,"['Robin Williams', 'Matt Damon', 'Ben Affleck']",10000000,225933435,['USA'],['English']
90,90,2001: Odisseia no Espaço,0062622,1968,8.3,592789,149,"['Adventure', 'Sci-Fi']",Stanley Kubrick,"['Keir Dullea', 'Gary Lockwood', 'William Sylvester']",12000000,65436747,"['UK', 'USA']","['English', 'Russian']"
91,91,A Vida não é um Sonho,0180093,2000,8.3,754153,102,['Drama'],Darren Aronofsky,"['Ellen Burstyn', 'Jared Leto', 'Jennifer Connelly']",4500000,7390108,['USA'],['English']
92,92,A Mulher Que Viveu Duas Vezes,0052357,1958,8.3,356871,128,"['Mystery', 'Romance', 'Thriller']",Alfred Hitchcock,"['James Stewart', 'Kim Novak', 'Barbara Bel Geddes']",2479000,7796389,['USA'],['English']
93,93,Matou,0022100,1931,8.3,140770,117,"['Crime', 'Mystery', 'Thriller']",Fritz Lang,"['Peter Lorre', 'Ellen Widmann', 'Inge Landgut']",0,35566,['Germany'],['German']
94,94,O Despertar da Mente,0338013,2004,8.3,896889,108,"['Drama', 'Romance', 'Sci-Fi']",Michel Gondry,"['Jim Carrey', 'Kate Winslet', 'Tom Wilkinson']",20000000,74036715,['USA'],['English']
95,95,Dangal,5074352,2016,8.4,150396,161,"['Action', 'Biography', 'Drama']",Nitesh Tiwari,"['Aamir Khan', 'Sakshi Tanwar', 'Fatima Sana Shaikh']",700000000,303723636,['India'],"['Hindi', 'English']"
96,96,The Hunt - A Caça,2106476,2012,8.3,272892,115,['Drama'],Thomas Vinterberg,"['Mads Mikkelsen', 'Thomas Bo Larsen', 'Annika Wedderkopp']",3800000,15843274,"['Denmark', 'Sweden']","['Danish', 'English', 'Polish']"
97,97,O Mundo a Seus Pés,0033467,1941,8.3,392546,119,"['Drama', 'Mystery']",Orson Welles,"['Orson Welles', 'Joseph Cotten', 'Dorothy Comingore']",839727,1594107,['USA'],"['English', 'Italian']"
98,98,1917,8579674,2019,8.3,380581,119,"['Drama', 'War']",Sam Mendes,"['Dean-Charles Chapman', 'George MacKay', 'Daniel Mays']",95000000,384792488,"['USA', 'UK', 'India', 'Spain', 'Canada', 'China']","['English', 'French', 'German']"
99,99,Nascido Para Matar,0093058,1987,8.3,663563,116,"['Drama', 'War']",Stanley Kubrick,"['Matthew Modine', 'R. Lee Ermey', ""Vincent D'Onofrio""]",30000000,46357676,"['UK', 'USA']","['English', 'Vietnamese']"
100,100,Ladrões de Bicicletas,0040522,1948,8.3,143166,89,['Drama'],Vittorio De Sica,"['Lamberto Maggiorani', 'Enzo Staiola', 'Lianella Carell']",133000,428978,['Italy'],"['Italian', 'English']"
101,101,O Garoto de Charlot,0012349,1921,8.3,110591,68,"['Comedy', 'Drama', 'Family']",Charles Chaplin(as Charlie Chaplin),"['Charles Chaplin', 'Edna Purviance', 'Jackie Coogan']",250000,26916,['USA'],"['English', 'None']"
102,102,Serenata à Chuva,0045152,1952,8.3,214969,103,"['Comedy', 'Musical', 'Romance']",Stanley Donen,"['Gene Kelly', ""Donald O'Connor"", 'Debbie Reynolds']",2540800,1864182,['USA'],['English']
103,103,Laranja Mecânica,0066921,1971,8.3,745685,136,"['Crime', 'Drama', 'Sci-Fi']",Stanley Kubrick,"['Malcolm McDowell', 'Patrick Magee', 'Michael Bates']",2200000,26903440,"['UK', 'USA']",['English']
104,104,Intriga Internacional,0053125,1959,8.3,294353,136,"['Adventure', 'Mystery', 'Thriller']",Alfred Hitchcock,"['Cary Grant', 'Eva Marie Saint', 'James Mason']",3101000,73446,['USA'],"['English', 'French']"
105,105,Snatch - Porcos E Diamantes,0208092,2000,8.3,771184,104,"['Comedy', 'Crime']",Guy Ritchie,"['Jason Statham', 'Brad Pitt', 'Benicio Del Toro']",6000000,83557872,"['UK', 'USA']","['English', 'Russian']"
106,106,Scarface - A Força do Poder,0086250,1983,8.3,727283,170,"['Crime', 'Drama']",Brian De Palma,"['Al Pacino', 'Michelle Pfeiffer', 'Steven Bauer']",25000000,66023585,['USA'],"['English', 'Spanish']"
107,107,Taxi Driver,0075314,1976,8.3,709898,114,"['Crime', 'Drama']",Martin Scorsese,"['Robert De Niro', 'Jodie Foster', 'Cybill Shepherd']",1300000,28441292,['USA'],"['English', 'Spanish']"
108,108,Viver - Ikiru,0044741,1952,8.3,66487,143,['Drama'],Akira Kurosawa,"['Takashi Shimura', 'Nobuo Kaneko', ""Shin'ichi Himori""]",0,90773,['Japan'],['Japanese']
109,109,Lawrence da Arábia,0056172,1962,8.3,263623,228,"['Adventure', 'Biography', 'Drama']",David Lean,"[""Peter O'Toole"", 'Alec Guinness', 'Anthony Quinn']",15000000,45715557,['UK'],"['English', 'Arabic', 'Turkish']"
110,110,O Fabuloso Destino de Amélie,0211915,2001,8.3,694388,122,"['Comedy', 'Romance']",Jean-Pierre Jeunet,"['Audrey Tautou', 'Mathieu Kassovitz', 'Rufus']",10000000,173924742,"['France', 'Germany']","['French', 'Russian', 'English']"
111,111,Toy Story 3,0435761,2010,8.3,744870,103,"['Animation', 'Adventure', 'Comedy']",Lee Unkrich,"['Tom Hanks', 'Tim Allen', 'Joan Cusack']",200000000,1066969703,['USA'],"['English', 'Spanish']"
112,112,A Golpada,0070735,1973,8.3,237970,129,"['Comedy', 'Crime', 'Drama']",George Roy Hill,"['Paul Newman', 'Robert Redford', 'Robert Shaw']",5500000,156000000,['USA'],['English']
113,113,Metropolis,0017136,1927,8.3,157539,153,"['Drama', 'Sci-Fi']",Fritz Lang,"['Brigitte Helm', 'Alfred Abel', 'Gustav Fröhlich']",6000000,1349711,['Germany'],"['German', 'None']"
114,114,Uma Separação,1832382,2011,8.3,215832,123,"['Drama', 'Thriller']",Asghar Farhadi,"['Payman Maadi', 'Leila Hatami', 'Sareh Bayat']",500000,22926076,"['Iran', 'France', 'Australia']",['Persian']
115,115,Incendies - A Mulher que Canta,1255953,2010,8.3,144992,131,"['Drama', 'Mystery', 'War']",Denis Villeneuve,"['Lubna Azabal', 'Mélissa Désormeaux-Poulin', 'Maxim Gaudette']",6800000,7099598,"['Canada', 'France']","['French', 'Arabic', 'English']"
116,116,Por Mais Alguns Dólares,0059578,1965,8.3,228462,132,['Western'],Sergio Leone,"['Clint Eastwood', 'Lee Van Cleef', 'Gian Maria Volontè']",600000,15000000,"['Italy', 'Spain', 'West Germany']","['Italian', 'English']"
117,117,Vem e Vê,0091251,1985,8.3,55873,142,"['Drama', 'Thriller', 'War']",Elem Klimov(as E. Klimov),"['Aleksey Kravchenko', 'Olga Mironova', 'Liubomiras Laucevicius']",0,168817,['Soviet Union'],"['Russian', 'Belarusian', 'German']"
118,118,O Apartamento,0053604,1960,8.3,160760,125,"['Comedy', 'Drama', 'Romance']",Billy Wilder,"['Jack Lemmon', 'Shirley MacLaine', 'Fred MacMurray']",3000000,178003,['USA'],['English']
119,119,Pagos a Dobrar,0036775,1944,8.3,140973,107,"['Crime', 'Drama', 'Film-Noir']",Billy Wilder,"['Fred MacMurray', 'Barbara Stanwyck', 'Edward G. Robinson']",927262,13886,['USA'],['English']
120,120,Na Sombra e no Silêncio,0056592,1962,8.2,290496,129,"['Crime', 'Drama']",Robert Mulligan,"['Gregory Peck', 'John Megna', 'Frank Overton']",2000000,599146,['USA'],['English']
121,121,Up - Altamente,1049413,2009,8.2,918370,96,"['Animation', 'Adventure', 'Comedy']",Pete Docter,"['Edward Asner', 'Jordan Nagai', 'John Ratzenberger']",175000000,735099102,['USA'],['English']
122,122,Indiana Jones e a Última Cruzada,0097576,1989,8.2,681398,127,"['Action', 'Adventure']",Steven Spielberg,"['Harrison Ford', 'Sean Connery', 'Alison Doody']",48000000,474310887,['USA'],"['English', 'German', 'Greek', 'Arabic']"
123,123,L.A. Confidencial,0119488,1997,8.2,524727,138,"['Crime', 'Drama', 'Mystery']",Curtis Hanson,"['Kevin Spacey', 'Russell Crowe', 'Guy Pearce']",35000000,126216940,['USA'],['English']
124,124,Heat - Cidade Sob Pressão,0113277,1995,8.2,566756,170,"['Crime', 'Drama', 'Thriller']",Michael Mann,"['Al Pacino', 'Robert De Niro', 'Val Kilmer']",60000000,187436818,['USA'],"['English', 'Spanish']"
125,125,Die Hard - Assalto ao Arranha-Céus,0095016,1988,8.2,772434,132,"['Action', 'Thriller']",John McTiernan,"['Bruce Willis', 'Alan Rickman', 'Bonnie Bedelia']",28000000,141482299,['USA'],"['English', 'German', 'Italian', 'Japanese']"
126,126,Monty Python e o Cálice Sagrado,0071853,1975,8.2,494620,91,"['Adventure', 'Comedy', 'Fantasy']",Terry Gilliam,"['Graham Chapman', 'John Cleese', 'Eric Idle']",229575,1938971,['UK'],"['English', 'French', 'Latin']"
127,127,Às Portas do Inferno,0042876,1950,8.2,149686,88,"['Crime', 'Drama', 'Mystery']",Akira Kurosawa,"['Toshirô Mifune', 'Machiko Kyô', 'Masayuki Mori']",250000,46808,['Japan'],['Japanese']
128,128,Yojimbo - O Invencível,0055630,1961,8.2,108889,110,"['Action', 'Drama', 'Thriller']",Akira Kurosawa,"['Toshirô Mifune', 'Eijirô Tôno', 'Tatsuya Nakadai']",0,46808,['Japan'],['Japanese']
129,129,Batman - O Início,0372784,2005,8.2,1287885,140,"['Action', 'Adventure']",Christopher Nolan,"['Christian Bale', 'Michael Caine', 'Ken Watanabe']",150000000,373661301,"['USA', 'UK']","['English', 'Mandarin']"
130,130,Green Book - Um Guia Para a Vida,6966692,2018,8.2,350665,130,"['Biography', 'Comedy', 'Drama']",Peter Farrelly,"['Viggo Mortensen', 'Mahershala Ali', 'Linda Cardellini']",23000000,321752656,"['USA', 'China']","['English', 'Italian', 'Russian', 'German']"
131,131,Bacheha-Ye aseman,0118849,1997,8.3,63377,89,"['Drama', 'Family', 'Sport']",Majid Majidi,"['Mohammad Amir Naji', 'Amir Farrokh Hashemian', 'Bahare Seddiqi']",180000,933933,['Iran'],['Persian']
132,132,A Queda: Hitler e o Fim do Terceiro Reich,0363163,2004,8.2,326810,156,"['Biography', 'Drama', 'History']",Oliver Hirschbiegel,"['Bruno Ganz', 'Alexandra Maria Lara', 'Ulrich Matthes']",13500000,92181574,"['Germany', 'Austria', 'Italy']","['German', 'Russian', 'French', 'English']"
133,133,Imperdoável,0105695,1992,8.2,370084,130,"['Drama', 'Western']",Clint Eastwood,"['Clint Eastwood', 'Gene Hackman', 'Morgan Freeman']",14400000,159157447,['USA'],['English']
134,134,Ran - Os Senhores da Guerra,0089881,1985,8.2,110129,162,"['Action', 'Drama', 'War']",Akira Kurosawa,"['Tatsuya Nakadai', 'Akira Terao', 'Jinpachi Nezu']",11500000,4163664,"['Japan', 'France']",['Japanese']
135,135,Quanto Mais Quente Melhor,0053291,1959,8.2,239923,121,"['Comedy', 'Music', 'Romance']",Billy Wilder,"['Marilyn Monroe', 'Tony Curtis', 'Jack Lemmon']",2883848,83284366,['USA'],['English']
136,136,O Castelo Andante,0347149,2004,8.2,323893,119,"['Animation', 'Adventure', 'Family']",Hayao Miyazaki,"['Chieko Baishô', 'Takuya Kimura', 'Tatsuya Gashûin']",24000000,236212992,['Japan'],['Japanese']
137,137,Uma Mente Brilhante,0268978,2001,8.2,833934,135,"['Biography', 'Drama']",Ron Howard,"['Russell Crowe', 'Ed Harris', 'Jennifer Connelly']",58000000,316791257,['USA'],['English']
138,138,Eva,0042192,1950,8.2,118681,138,['Drama'],Joseph L. Mankiewicz,"['Bette Davis', 'Anne Baxter', 'George Sanders']",1400000,150438,['USA'],"['English', 'French']"
139,139,Casino,0112641,1995,8.2,457179,178,"['Crime', 'Drama']",Martin Scorsese,"['Robert De Niro', 'Sharon Stone', 'Joe Pesci']",52000000,116112375,"['France', 'USA']",['English']
140,140,A Grande Evasão,0057115,1963,8.2,221265,172,"['Adventure', 'Drama', 'History']",John Sturges,"['Steve McQueen', 'James Garner', 'Richard Attenborough']",4000000,227940,['USA'],"['English', 'German', 'French', 'Russian', 'Spanish']"
141,141,O Lobo de Wall Street,0993846,2013,8.2,1153637,180,"['Biography', 'Crime', 'Drama']",Martin Scorsese,"['Leonardo DiCaprio', 'Jonah Hill', 'Margot Robbie']",100000000,392000694,['USA'],"['English', 'French']"
142,142,O Labirinto do Fauno,0457430,2006,8.2,610618,118,"['Drama', 'Fantasy', 'War']",Guillermo del Toro,"['Ivana Baquero', 'Ariadna Gil', 'Sergi López']",19000000,83850267,"['Mexico', 'Spain']",['Spanish']
143,143,Anand,0066763,1971,8.5,28958,122,"['Drama', 'Musical']",Hrishikesh Mukherjee,"['Rajesh Khanna', 'Amitabh Bachchan', 'Sumita Sanyal']",3000000,0,['India'],['Hindi']
144,144,O Segredo dos Seus Olhos,1305806,2009,8.2,189533,129,"['Drama', 'Mystery', 'Romance']",Juan José Campanella,"['Ricardo Darín', 'Soledad Villamil', 'Pablo Rago']",2000000,35079650,"['Argentina', 'Spain']",['Spanish']
145,145,Um Mal Nunca Vem Só,0120735,1998,8.2,527873,107,"['Action', 'Comedy', 'Crime']",Guy Ritchie,"['Jason Flemyng', 'Dexter Fletcher', 'Nick Moran']",960000,3753929,['UK'],['English']
146,146,O Touro Enraivecido,0081398,1980,8.2,316407,129,"['Biography', 'Drama', 'Sport']",Martin Scorsese,"['Robert De Niro', 'Cathy Moriarty', 'Joe Pesci']",18000000,23402427,['USA'],['English']
147,147,O Meu Vizinho Totoro,0096283,1988,8.2,282563,86,"['Animation', 'Family', 'Fantasy']",Hayao Miyazaki,"['Hitoshi Takagi', 'Noriko Hidaka', 'Chika Sakamoto']",3700000,30477153,['Japan'],['Japanese']
148,148,Haverá Sangue,0469494,2007,8.2,507316,158,['Drama'],Paul Thomas Anderson,"['Daniel Day-Lewis', 'Paul Dano', 'Ciarán Hinds']",25000000,76181545,['USA'],"['English', 'American Sign Language']"
149,149,O Julgamento de Nuremberga,0055031,1961,8.2,68104,179,"['Drama', 'War']",Stanley Kramer,"['Spencer Tracy', 'Burt Lancaster', 'Richard Widmark']",3000000,12180,['USA'],"['English', 'German']"
150,150,O Tesouro da Sierra Madre,0040897,1948,8.2,112446,126,"['Adventure', 'Drama', 'Western']",John Huston,"['Humphrey Bogart', 'Walter Huston', 'Tim Holt']",3000000,215295,"['USA', 'Mexico']","['English', 'Spanish']"
151,151,Vikram Vedha,6148156,2017,8.6,25041,147,"['Action', 'Crime', 'Thriller']",Gayatri,"['Madhavan', 'Vijay Sethupathi', 'Shraddha Srinath']",150000000,546792,['India'],['Tamil']
152,152,Três Cartazes à Beira da Estrada,5027774,2017,8.2,417717,115,"['Comedy', 'Crime', 'Drama']",Martin McDonagh,"['Frances McDormand', 'Woody Harrelson', 'Sam Rockwell']",15000000,160192031,"['UK', 'USA']",['English']
153,153,Chamada para a Morte,0046912,1954,8.2,155006,88,"['Crime', 'Thriller']",Alfred Hitchcock,"['Ray Milland', 'Grace Kelly', 'Robert Cummings']",1400000,18816,['USA'],['English']
154,154,Chinatown,0071315,1974,8.1,289308,130,"['Drama', 'Mystery', 'Thriller']",Roman Polanski,"['Jack Nicholson', 'Faye Dunaway', 'John Huston']",6000000,29225935,['USA'],"['English', 'Cantonese', 'Spanish']"
155,155,A Quimera do Ouro,0015864,1925,8.2,98731,95,"['Adventure', 'Comedy', 'Drama']",Charles Chaplin,"['Charles Chaplin', 'Mack Swain', 'Tom Murray']",923000,26916,['USA'],"['English', 'None']"
156,156,Babam ve Oglum,0476735,2005,8.3,76979,112,"['Drama', 'Family']",Çagan Irmak,"['Çetin Tekindor', 'Fikret Kuskan', 'Hümeyra']",0,18612999,['Turkey'],['Turkish']
157,157,Shutter Island,1130884,2010,8.2,1106212,138,"['Mystery', 'Thriller']",Martin Scorsese,"['Leonardo DiCaprio', 'Emily Mortimer', 'Mark Ruffalo']",80000000,294804195,['USA'],"['English', 'German']"
158,158,Este País Não É Para Velhos,0477348,2007,8.1,839064,122,"['Crime', 'Drama', 'Thriller']",Ethan Coen,"['Tommy Lee Jones', 'Javier Bardem', 'Josh Brolin']",25000000,171627166,"['USA', 'Mexico']","['English', 'Spanish']"
159,159,V de Vingança,0434409,2005,8.2,1016309,132,"['Action', 'Drama', 'Sci-Fi']",James McTeigue,"['Hugo Weaving', 'Natalie Portman', 'Rupert Graves']",54000000,132511035,"['USA', 'UK', 'Germany']",['English']
160,160,O Sétimo Selo,0050976,1957,8.2,161097,96,"['Drama', 'Fantasy']",Ingmar Bergman,"['Max von Sydow', 'Gunnar Björnstrand', 'Bengt Ekerot']",150000,230571,['Sweden'],"['Swedish', 'Latin']"
161,161,Divertida-Mente,2096673,2015,8.1,598623,95,"['Animation', 'Adventure', 'Comedy']",Pete Docter,"['Amy Poehler', 'Bill Hader', 'Lewis Black']",175000000,858071350,['USA'],['English']
162,162,Warrior - Combate Entre Irmãos,1291584,2011,8.2,430163,140,"['Action', 'Drama', 'Sport']",Gavin O'Connor,"['Tom Hardy', 'Nick Nolte', 'Joel Edgerton']",25000000,23308615,['USA'],"['English', 'Spanish']"
163,163,O Homem Elefante,0080678,1980,8.1,216320,124,"['Biography', 'Drama']",David Lynch,"['Anthony Hopkins', 'John Hurt', 'Anne Bancroft']",5000000,26020641,"['USA', 'UK']","['English', 'French']"
164,164,Veio do Outro Mundo,0084787,1982,8.1,363922,109,"['Horror', 'Mystery', 'Sci-Fi']",John Carpenter,"['Kurt Russell', 'Wilford Brimley', 'Keith David']",15000000,19629760,['USA'],"['English', 'Norwegian']"
165,165,O Sexto Sentido,0167404,1999,8.1,899704,107,"['Drama', 'Mystery', 'Thriller']",M. Night Shyamalan,"['Bruce Willis', 'Haley Joel Osment', 'Toni Collette']",40000000,672806292,['USA'],"['English', 'Latin', 'Spanish']"
166,166,Trainspotting,0117951,1996,8.1,626736,93,['Drama'],Danny Boyle,"['Ewan McGregor', 'Ewen Bremner', 'Jonny Lee Miller']",1500000,16593356,['UK'],['English']
167,167,Parque Jurássico,0107290,1993,8.1,852882,127,"['Action', 'Adventure', 'Sci-Fi']",Steven Spielberg,"['Sam Neill', 'Laura Dern', 'Jeff Goldblum']",63000000,1033920013,['USA'],"['English', 'Spanish']"
168,168,E Tudo o Vento Levou,0031381,1939,8.1,285785,238,"['Drama', 'History', 'Romance']",Victor Fleming,"['Clark Gable', 'Vivien Leigh', 'Thomas Mitchell']",3977000,402352579,['USA'],['English']
169,169,The Truman Show - A Vida em Directo,0120382,1998,8.1,919303,103,"['Comedy', 'Drama', 'Sci-Fi']",Peter Weir,"['Jim Carrey', 'Ed Harris', 'Laura Linney']",60000000,264118201,['USA'],['English']
170,170,Morangos Silvestres,0050986,1957,8.2,93976,91,"['Drama', 'Romance']",Ingmar Bergman,"['Victor Sjöström', 'Bibi Andersson', 'Ingrid Thulin']",0,14524,['Sweden'],"['Swedish', 'Latin']"
171,171,À Procura de Nemo,0266543,2003,8.1,934244,100,"['Animation', 'Adventure', 'Comedy']",Andrew Stanton,"['Albert Brooks', 'Ellen DeGeneres', 'Alexander Gould']",94000000,940350194,"['USA', 'Australia']",['English']
172,172,Blade Runner: Perigo Iminente,0083658,1982,8.1,683018,117,"['Action', 'Sci-Fi', 'Thriller']",Ridley Scott,"['Harrison Ford', 'Rutger Hauer', 'Sean Young']",28000000,41633637,['USA'],"['English', 'German', 'Cantonese', 'Japanese', 'Hungarian', 'Arabic']"
173,173,Stalker,0079944,1979,8.2,113638,162,"['Drama', 'Sci-Fi']",Andrei Tarkovsky,"['Alisa Freyndlikh', 'Aleksandr Kaydanovskiy', 'Anatoliy Solonitsyn']",6000000,303815,['Soviet Union'],['Russian']
174,174,Kill Bill - A Vingança ,0266697,2003,8.1,984407,111,"['Action', 'Crime', 'Thriller']",Quentin Tarantino,"['Uma Thurman', 'David Carradine', 'Daryl Hannah']",30000000,180899045,"['USA', 'Japan']","['English', 'Japanese', 'French']"
175,175,Quarto,3170832,2015,8.1,361907,118,"['Drama', 'Thriller']",Lenny Abrahamson,"['Brie Larson', 'Jacob Tremblay', 'Sean Bridgers']",13000000,35401758,"['Canada', 'Ireland', 'UK', 'USA']",['English']
176,176,A Ponte do Rio Kwai,0050212,1957,8.1,200321,161,"['Adventure', 'Drama', 'War']",David Lean,"['William Holden', 'Alec Guinness', 'Jack Hawkins']",3000000,27200000,"['UK', 'USA']","['English', 'Japanese', 'Thai']"
177,177,Fargo,0116282,1996,8.1,605893,98,"['Crime', 'Drama', 'Thriller']",Joel Coen,"['William H. Macy', 'Frances McDormand', 'Steve Buscemi']",7000000,60611975,"['USA', 'UK']",['English']
178,178,Salinui chueok,0353969,2003,8.1,131614,131,"['Action', 'Crime', 'Drama']",Bong Joon Ho,"['Kang-ho Song', 'Sang-kyung Kim', 'Roe-ha Kim']",2800000,1123723,['South Korea'],"['Korean', 'English']"
179,179,Viagem a Tóquio,0046438,1953,8.2,51345,136,['Drama'],Yasujirô Ozu,"['Chishû Ryû', 'Chieko Higashiyama', 'Sô Yamamura']",0,40405,['Japan'],"['Japanese', 'English']"
180,180,O Terceiro Homem,0041959,1949,8.1,156445,104,"['Film-Noir', 'Mystery', 'Thriller']",Carol Reed,"['Orson Welles', 'Joseph Cotten', 'Alida Valli']",0,1226098,['UK'],"['English', 'German', 'Russian']"
181,181,Gran Torino,1205489,2008,8.1,711415,116,['Drama'],Clint Eastwood,"['Clint Eastwood', 'Bee Vang', 'Christopher Carley']",33000000,269958228,"['Germany', 'USA']","['English', 'Hmong']"
182,182,Há Lodo no Cais,0047296,1954,8.1,139752,108,"['Crime', 'Drama', 'Thriller']",Elia Kazan,"['Marlon Brando', 'Karl Malden', 'Lee J. Cobb']",910000,0,['USA'],['English']
183,183,Relatos Selvagens,3011894,2014,8.1,172601,122,"['Comedy', 'Drama', 'Thriller']",Damián Szifron,"['Darío Grandinetti', 'María Marull', 'Mónica Villa']",3300000,30642704,"['Argentina', 'Spain', 'France', 'UK']",['Spanish']
184,184,O Caçador,0077416,1978,8.1,306553,183,"['Drama', 'War']",Michael Cimino,"['Robert De Niro', 'Christopher Walken', 'John Cazale']",15000000,49074243,['USA'],"['English', 'Russian', 'Vietnamese', 'French', 'Cantonese']"
185,185,Klaus,4729430,2019,8.2,77449,96,"['Animation', 'Adventure', 'Comedy']",Sergio Pablos,"['Jason Schwartzman', 'J.K. Simmons', 'Rashida Jones']",40000000,0,"['Spain', 'UK']","['English', 'Saami']"
186,186,Em Nome do Pai,0107207,1993,8.1,154106,133,"['Biography', 'Drama']",Jim Sheridan,"['Daniel Day-Lewis', 'Pete Postlethwaite', 'Alison Crosbie']",13000000,65796862,"['Ireland', 'UK']",['English']
187,187,Mary and Max,0978762,2009,8.1,162158,92,"['Animation', 'Comedy', 'Drama']",Adam Elliot,"['Toni Collette', 'Philip Seymour Hoffman', 'Eric Bana']",8240000,1739445,['Australia'],"['English', 'Yiddish']"
188,188,Em Parte Incerta,2267998,2014,8.1,841013,149,"['Drama', 'Mystery', 'Thriller']",David Fincher,"['Ben Affleck', 'Rosamund Pike', 'Neil Patrick Harris']",61000000,369330363,['USA'],['English']
189,189,O Herói de Hacksaw Ridge,2119532,2016,8.1,423489,139,"['Biography', 'Drama', 'History']",Mel Gibson,"['Andrew Garfield', 'Sam Worthington', 'Luke Bracey']",40000000,180450918,"['Australia', 'USA']","['English', 'Japanese']"
190,190,Grand Budapest Hotel,2278388,2014,8.1,693054,99,"['Adventure', 'Comedy', 'Crime']",Wes Anderson,"['Ralph Fiennes', 'F. Murray Abraham', 'Mathieu Amalric']",25000000,172940046,"['Germany', 'USA']","['English', 'French', 'German']"
191,191,Andhadhun,8108198,2018,8.3,67607,139,"['Crime', 'Thriller']",Sriram Raghavan,"['Ayushmann Khurrana', 'Tabu', 'Radhika Apte']",4500000,62475342,['India'],"['Hindi', 'English']"
192,192,Antes do Amanhecer,0112471,1995,8.1,265696,101,"['Drama', 'Romance']",Richard Linklater,"['Ethan Hawke', 'Julie Delpy', 'Andrea Eckert']",2500000,5986708,"['USA', 'Austria', 'Switzerland']","['English', 'German', 'French']"
193,193,Apanha-me Se Puderes,0264464,2002,8.1,809286,141,"['Biography', 'Crime', 'Drama']",Steven Spielberg,"['Leonardo DiCaprio', 'Tom Hanks', 'Christopher Walken']",52000000,352114312,"['USA', 'Canada']","['English', 'French']"
194,194,O Grande Lebowski,0118715,1998,8.1,719916,117,"['Comedy', 'Crime', 'Sport']",Joel Coen,"['Jeff Bridges', 'John Goodman', 'Julianne Moore']",15000000,46737965,"['USA', 'UK']","['English', 'German', 'Hebrew', 'Spanish']"
195,195,A Máscara,0060827,1966,8.1,100265,85,"['Drama', 'Thriller']",Ingmar Bergman,"['Bibi Andersson', 'Liv Ullmann', 'Margaretha Krook']",0,25407,['Sweden'],"['Swedish', 'English']"
196,196,Ser ou Não Ser,0035446,1942,8.2,28378,99,"['Comedy', 'War']",Ernst Lubitsch,"['Carole Lombard', 'Jack Benny', 'Robert Stack']",0,4578000,['USA'],"['English', 'German']"
197,197,Raptadas,1392214,2013,8.1,587197,153,"['Crime', 'Drama', 'Mystery']",Denis Villeneuve,"['Hugh Jackman', 'Jake Gyllenhaal', 'Viola Davis']",46000000,122126687,['USA'],['English']
198,198,Eskiya,0116231,1996,8.2,62633,128,"['Crime', 'Drama', 'Thriller']",Yavuz Turgul,"['Sener Sen', 'Ugur Yücel', 'Sermin Hürmeriç']",1200000,0,"['Turkey', 'France', 'Bulgaria']",['Turkish']
199,199,Sherlock Holmes Jr.,0015324,1924,8.2,40447,45,"['Action', 'Comedy', 'Romance']",Buster Keaton,"['Buster Keaton', 'Kathryn McGuire', 'Joe Keaton']",0,0,['USA'],"['None', 'English']"
200,200,Pamplinas Maquinista,0017925,1926,8.1,79523,67,"['Action', 'Adventure', 'Comedy']",Clyde Bruckman,"['Buster Keaton', 'Marion Mack', 'Glen Cavender']",750000,0,['USA'],"['None', 'English']"
201,201,Como Treinares o Teu Dragão,0892769,2010,8.1,655988,98,"['Animation', 'Action', 'Adventure']",Dean DeBlois,"['Jay Baruchel', 'Gerard Butler', 'Christopher Mintz-Plasse']",165000000,494878759,['USA'],['English']
202,202,Le Mans '66: O Duelo,1950186,2019,8.1,267241,152,"['Action', 'Biography', 'Drama']",James Mangold,"['Matt Damon', 'Christian Bale', 'Jon Bernthal']",97600000,225508210,['USA'],"['English', 'Italian', 'French', 'Japanese']"
203,203,Peço a Palavra,0031679,1939,8.1,105258,129,"['Comedy', 'Drama']",Frank Capra,"['James Stewart', 'Jean Arthur', 'Claude Rains']",1900000,144738,['USA'],['English']
204,204,12 Anos Escravo,2024544,2013,8.1,629271,134,"['Biography', 'Drama', 'History']",Steve McQueen,"['Chiwetel Ejiofor', 'Michael Kenneth Williams', 'Michael Fassbender']",20000000,187733202,"['USA', 'UK']",['English']
205,205,Barry Lyndon,0072684,1975,8.1,146694,185,"['Adventure', 'Drama', 'History']",Stanley Kubrick,"[""Ryan O'Neal"", 'Marisa Berenson', 'Patrick Magee']",11000000,198992,"['UK', 'USA']","['English', 'German', 'French']"
206,206,Mad Max: Estrada da Fúria,1392190,2015,8.1,863982,120,"['Action', 'Adventure', 'Sci-Fi']",George Miller,"['Tom Hardy', 'Charlize Theron', 'Nicholas Hoult']",150000000,375225175,"['Australia', 'South Africa', 'USA']","['English', 'Russian']"
207,207,Conta Comigo,0092005,1986,8.1,358192,89,"['Adventure', 'Drama']",Rob Reiner,"['Wil Wheaton', 'River Phoenix', 'Corey Feldman']",8000000,52287414,['USA'],['English']
208,208,Million Dollar Baby - Sonhos Vencidos,0405159,2004,8.1,627178,132,"['Drama', 'Sport']",Clint Eastwood,"['Hilary Swank', 'Clint Eastwood', 'Morgan Freeman']",30000000,216763646,['USA'],"['English', 'Irish']"
209,209,Escândalo na TV,0074958,1976,8.1,142903,121,['Drama'],Sidney Lumet,"['Faye Dunaway', 'William Holden', 'Peter Finch']",3800000,23690757,['USA'],['English']
210,210,O Presidiário,0061512,1967,8.1,159386,127,"['Crime', 'Drama']",Stuart Rosenberg,"['Paul Newman', 'George Kennedy', 'Strother Martin']",3200000,0,['USA'],['English']
211,211,O Clube dos Poetas Mortos,0097165,1989,8.1,415090,128,"['Comedy', 'Drama']",Peter Weir,"['Robin Williams', 'Robert Sean Leonard', 'Ethan Hawke']",16400000,235860116,['USA'],"['English', 'Latin']"
212,212,Ben-Hur,0052618,1959,8.1,216222,212,"['Adventure', 'Drama', 'History']",William Wyler,"['Charlton Heston', 'Jack Hawkins', 'Stephen Boyd']",15000000,74427638,['USA'],['English']
213,213,Hachiko - Amigo para Sempre,1028532,2009,8.1,248026,93,"['Drama', 'Family']",Lasse Hallström,"['Richard Gere', 'Joan Allen', 'Cary-Hiroyuki Tagawa']",16000000,46749646,"['UK', 'USA']","['English', 'Japanese']"
214,214,Harry Potter e os Talismãs da Morte: Parte 2,1201607,2011,8.1,749276,130,"['Adventure', 'Drama', 'Fantasy']",David Yates,"['Daniel Radcliffe', 'Emma Watson', 'Rupert Grint']",125000000,1342206619,"['UK', 'USA']",['English']
215,215,Platoon - Os Bravos do Pelotão,0091763,1986,8.1,375574,120,"['Drama', 'War']",Oliver Stone,"['Charlie Sheen', 'Tom Berenger', 'Willem Dafoe']",6000000,138545632,"['USA', 'UK']","['English', 'Vietnamese']"
216,216,O Lado Selvagem,0758758,2007,8.1,564163,148,"['Adventure', 'Biography', 'Drama']",Sean Penn,"['Emile Hirsch', 'Vince Vaughn', 'Catherine Keener']",15000000,56674477,['USA'],"['English', 'Danish']"
217,217,Logan,3315342,2017,8.1,633571,137,"['Action', 'Drama', 'Sci-Fi']",James Mangold,"['Hugh Jackman', 'Patrick Stewart', 'Dafne Keen']",97000000,619021436,['USA'],"['English', 'Spanish']"
218,218,A Vida de Brian,0079470,1979,8.1,361887,94,['Comedy'],Terry Jones,"['Graham Chapman', 'John Cleese', 'Michael Palin']",4000000,20739243,['UK'],"['English', 'Latin']"
219,219,Rush - Duelo de Rivais,1979320,2013,8.1,425930,123,"['Action', 'Biography', 'Drama']",Ron Howard,"['Daniel Brühl', 'Chris Hemsworth', 'Olivia Wilde']",38000000,96983009,"['UK', 'Germany', 'USA']","['English', 'German', 'Italian', 'French', 'Spanish']"
220,220,O Salário do Medo,0046268,1953,8.1,53470,131,"['Adventure', 'Drama', 'Thriller']",Henri-Georges Clouzot,"['Yves Montand', 'Charles Vanel', 'Peter van Eyck']",0,1098,"['France', 'Italy']","['French', 'English', 'Spanish', 'German', 'Italian', 'Russian']"
221,221,A Criada,4016934,2016,8.1,107312,145,"['Drama', 'Romance', 'Thriller']",Chan-wook Park,"['Min-hee Kim', 'Jung-woo Ha', 'Jin-woong Cho']",10000000000,37767206,['South Korea'],"['Korean', 'Japanese']"
222,222,A Paixão de Joana d'Arc,0019254,1928,8.1,46403,110,"['Biography', 'Drama', 'History']",Carl Theodor Dreyer(as Carl Th. Dreyer),"['Maria Falconetti', 'Eugene Silvain', 'André Berley']",0,21877,['France'],"['None', 'French']"
223,223,Os quatrocentos Golpes,0053198,1959,8.1,102968,99,"['Crime', 'Drama']",François Truffaut,"['Jean-Pierre Léaud', 'Albert Rémy', 'Claire Maurier']",0,127244,['France'],"['French', 'English']"
224,224,Andrei Rublev,0060107,1966,8.1,45499,205,"['Biography', 'Drama', 'History']",Andrei Tarkovsky(as Andrey Tarkovskiy),"['Anatoliy Solonitsyn', 'Ivan Lapikov', 'Nikolay Grinko']",1000000,145491,['Soviet Union'],"['Russian', 'Italian', 'Tatar']"
225,225,Hotel Ruanda,0395169,2004,8.1,330804,121,"['Biography', 'Drama', 'History']",Terry George,"['Don Cheadle', 'Sophie Okonedo', 'Joaquin Phoenix']",17500000,33882243,"['UK', 'South Africa', 'Italy']","['English', 'French', 'Kinyarwanda']"
226,226,O Caso Spotlight,1895587,2015,8.1,410766,129,"['Biography', 'Crime', 'Drama']",Tom McCarthy,"['Mark Ruffalo', 'Michael Keaton', 'Rachel McAdams']",20000000,98690254,['USA'],['English']
227,227,Amor Cão,0245712,2000,8.1,220611,154,"['Drama', 'Thriller']",Alejandro G. Iñárritu(as Alejandro González Iñárritu),"['Emilio Echevarría', 'Gael García Bernal', 'Goya Toledo']",2000000,20908467,['Mexico'],['Spanish']
228,228,Rififi,0048021,1955,8.2,27307,118,"['Crime', 'Drama', 'Thriller']",Jules Dassin,"['Jean Servais', 'Carl Möhner', 'Robert Manuel']",0,521342,['France'],"['French', 'Italian', 'English']"
229,229,O Ódio,0113247,1995,8.1,146346,98,"['Crime', 'Drama']",Mathieu Kassovitz,"['Vincent Cassel', 'Hubert Koundé', 'Saïd Taghmaoui']",2590000,301462,['France'],['French']
230,230,Nausicaä do Vale do Vento,0087544,1984,8.1,146948,117,"['Animation', 'Adventure', 'Fantasy']",Hayao Miyazaki,"['Sumi Shimamoto', 'Mahito Tsujimura', 'Hisako Kyôda']",1000000,8736506,['Japan'],['Japanese']
231,231,Gangs of Wasseypur,1954470,2012,8.2,79669,321,"['Action', 'Crime', 'Drama']",Anurag Kashyap,"['Manoj Bajpayee', 'Richa Chadha', 'Nawazuddin Siddiqui']",184000000,4384642,['India'],['Hindi']
232,232,Rocky,0075148,1976,8.1,509624,120,"['Drama', 'Sport']",John G. Avildsen,"['Sylvester Stallone', 'Talia Shire', 'Burt Young']",960000,117248937,['USA'],['English']
233,233,Monstros e Companhia,0198781,2001,8.0,800889,92,"['Animation', 'Adventure', 'Comedy']",Pete Docter,"['Billy Crystal', 'John Goodman', 'Mary Gibbs']",115000000,579475070,['USA'],['English']
234,234,Rebecca,0032976,1940,8.1,120846,130,"['Drama', 'Mystery', 'Romance']",Alfred Hitchcock,"['Laurence Olivier', 'Joan Fontaine', 'George Sanders']",1288000,72275,['USA'],"['English', 'French']"
235,235,Rang De Basanti,0405508,2006,8.2,109917,167,"['Comedy', 'Drama']",Rakeysh Omprakash Mehra(as Rakesh Omprakash Mehra),"['Aamir Khan', 'Soha Ali Khan', 'Siddharth']",0,8846694,['India'],['Hindi']
236,236,Antes do Anoitecer,0381681,2004,8.1,231066,80,"['Drama', 'Romance']",Richard Linklater,"['Ethan Hawke', 'Julie Delpy', 'Vernon Dobtcheff']",2700000,15936507,"['USA', 'France']","['English', 'French']"
237,237,Retrato de Uma Rapariga em Chamas,8613070,2019,8.1,54143,122,"['Drama', 'Romance']",Céline Sciamma,"['Noémie Merlant', 'Adèle Haenel', 'Luàna Bajrami']",0,9919850,['France'],"['French', 'Italian']"
238,238,Disponível Para Amar,0118694,2000,8.1,120682,98,"['Drama', 'Romance']",Kar-Wai Wong,"['Tony Chiu-Wai Leung', 'Maggie Cheung', 'Ping Lam Siu']",0,12854953,"['Hong Kong', 'China']","['Cantonese', 'Shanghainese', 'French', 'Spanish']"
239,239,"Paris, Texas",0087884,1984,8.1,87941,145,['Drama'],Wim Wenders,"['Harry Dean Stanton', 'Nastassja Kinski', 'Dean Stockwell']",1162000,2206121,"['West Germany', 'France', 'UK']","['English', 'Spanish']"
240,240,Uma Noite Aconteceu,0025316,1934,8.1,92151,105,"['Comedy', 'Romance']",Frank Capra,"['Clark Gable', 'Claudette Colbert', 'Walter Connolly']",325000,0,['USA'],['English']
241,241,Drishyam,4430212,2015,8.2,67314,163,"['Crime', 'Drama', 'Mystery']",Nishikant Kamat,"['Ajay Devgn', 'Shriya Saran', 'Tabu']",9400000,0,['India'],"['Hindi', 'English']"
242,242,Contra tempo,4857264,2016,8.1,131252,106,"['Crime', 'Drama', 'Mystery']",Oriol Paulo,"['Mario Casas', 'Ana Wagener', 'José Coronado']",4000000,31191910,['Spain'],['Spanish']
243,243,As Serviçais,1454029,2011,8.0,422086,146,['Drama'],Tate Taylor,"['Emma Stone', 'Viola Davis', 'Octavia Spencer']",25000000,216639112,['USA'],['English']
244,244,A Princesa Prometida,0093779,1987,8.1,388294,98,"['Adventure', 'Family', 'Fantasy']",Rob Reiner,"['Cary Elwes', 'Mandy Patinkin', 'Robin Wright']",16000000,30883720,['USA'],['English']
245,245,O Circo,0018773,1928,8.1,28598,72,"['Comedy', 'Romance']",Charles Chaplin(as Charlie Chaplin),"['Charles Chaplin', 'Merna Kennedy', 'Al Ernest Garcia']",900000,26916,['USA'],"['None', 'English']"
246,246,A Batalha de Argel,0058946,1966,8.1,51765,121,"['Drama', 'War']",Gillo Pontecorvo,"['Brahim Hadjadj', 'Jean Martin', 'Yacef Saadi']",800000,964028,"['Italy', 'Algeria']","['Arabic', 'French', 'English']"
247,247,O Exterminador Implacável,0088247,1984,8.0,789830,107,"['Action', 'Sci-Fi']",James Cameron,"['Arnold Schwarzenegger', 'Linda Hamilton', 'Michael Biehn']",6400000,78680331,"['UK', 'USA']","['English', 'Spanish']"
248,248,Aladdin,0103639,1992,8.0,367789,90,"['Animation', 'Adventure', 'Comedy']",Ron Clements,"['Scott Weinger', 'Robin Williams', 'Linda Larkin']",28000000,504050219,['USA'],['English']
249,249,Tangerinas,2991224,2013,8.2,38325,87,"['Drama', 'War']",Zaza Urushadze,"['Lembit Ulfsak', 'Elmo Nüganen', 'Giorgi Nakashidze']",650000,1024132,"['Estonia', 'Georgia']","['Estonian', 'Russian', 'Georgian']"
250,250,Koe no katachi,5323662,2016,8.1,42924,130,"['Animation', 'Drama', 'Family']",Naoko Yamada,"['Miyu Irino', 'Saori Hayami', 'Aoi Yûki']",0,30490447,['Japan'],"['Japanese', 'Japanese Sign Language']"
